{"cameraMode":{"drawMode":0,"name":"Shaded","section":"Shading Mode"},"sceneLighting":false,"audioPlay":false,"sceneViewState":{"m_AlwaysRefresh":false,"showFog":true,"showSkybox":false,"showFlares":true,"showImageEffects":true,"showParticleSystems":true,"showVisualEffectGraphs":true,"m_FxEnabled":true},"in2DMode":false,"pivot":{"x":-0.8760952949523926,"y":3.1406936645507814,"z":4.735169410705566},"rotation":{"x":0.032882582396268848,"y":0.4944782555103302,"z":-0.02145550772547722,"w":0.8683351874351502},"size":4.238401889801025,"orthographic":false}