{"cameraMode":{"drawMode":0,"name":"Shaded","section":"Shading Mode"},"sceneLighting":false,"audioPlay":false,"sceneViewState":{"m_AlwaysRefresh":false,"showFog":true,"showSkybox":false,"showFlares":true,"showImageEffects":true,"showParticleSystems":true,"showVisualEffectGraphs":true,"m_FxEnabled":true},"in2DMode":false,"pivot":{"x":0.05406796932220459,"y":4.152429580688477,"z":-1.5763280391693116},"rotation":{"x":-0.010662581771612168,"y":0.7129716277122498,"z":0.00746562285348773,"w":0.7011189460754395},"size":4.698606967926025,"orthographic":false}