{"cameraMode":{"drawMode":0,"name":"Shaded","section":"Shading Mode"},"sceneLighting":false,"audioPlay":false,"sceneViewState":{"m_AlwaysRefresh":false,"showFog":true,"showSkybox":false,"showFlares":true,"showImageEffects":true,"showParticleSystems":true,"showVisualEffectGraphs":true,"m_FxEnabled":true},"in2DMode":false,"pivot":{"x":-0.012683629989624024,"y":1.9629002809524537,"z":0.012748003005981446},"rotation":{"x":-0.0024441832210868599,"y":0.9762892127037048,"z":0.00027325921109877527,"w":0.2181636542081833},"size":2.12971568107605,"orthographic":false}