{"cameraMode":{"drawMode":0,"name":"Shaded","section":"Shading Mode"},"sceneLighting":false,"audioPlay":false,"sceneViewState":{"m_AlwaysRefresh":false,"showFog":true,"showSkybox":false,"showFlares":true,"showImageEffects":true,"showParticleSystems":true,"showVisualEffectGraphs":true,"m_FxEnabled":true},"in2DMode":false,"pivot":{"x":-2.477379560470581,"y":0.3917136788368225,"z":2.516303300857544},"rotation":{"x":-0.001050533028319478,"y":0.9909562468528748,"z":-0.009435249492526055,"w":0.13648952543735505},"size":3.828552722930908,"orthographic":false}