{"cameraMode":{"drawMode":0,"name":"Shaded","section":"Shading Mode"},"sceneLighting":false,"audioPlay":false,"sceneViewState":{"m_AlwaysRefresh":false,"showFog":true,"showSkybox":false,"showFlares":true,"showImageEffects":true,"showParticleSystems":true,"showVisualEffectGraphs":true,"m_FxEnabled":true},"in2DMode":false,"pivot":{"x":0.0040490031242370609,"y":-1.8060197830200196,"z":2.91401743888855},"rotation":{"x":-0.007866513915359974,"y":0.9931483864784241,"z":-0.10876680910587311,"w":-0.05059051513671875},"size":2.5357165336608888,"orthographic":false}