{"cameraMode":{"drawMode":0,"name":"Shaded","section":"Shading Mode"},"sceneLighting":false,"audioPlay":false,"sceneViewState":{"m_AlwaysRefresh":false,"showFog":true,"showSkybox":false,"showFlares":true,"showImageEffects":true,"showParticleSystems":true,"showVisualEffectGraphs":true,"m_FxEnabled":true},"in2DMode":false,"pivot":{"x":-0.05875103175640106,"y":0.48837539553642275,"z":7.897615432739258e-7},"rotation":{"x":0.19385147094726563,"y":0.16291077435016633,"z":-0.0326366201043129,"w":0.9671605229377747},"size":0.5113585591316223,"orthographic":false}