{"cameraMode":{"drawMode":0,"name":"Shaded","section":"Shading Mode"},"sceneLighting":false,"audioPlay":false,"sceneViewState":{"m_AlwaysRefresh":false,"showFog":true,"showSkybox":false,"showFlares":true,"showImageEffects":true,"showParticleSystems":true,"showVisualEffectGraphs":true,"m_FxEnabled":true},"in2DMode":false,"pivot":{"x":-0.7402050495147705,"y":0.7462359666824341,"z":0.6496516466140747},"rotation":{"x":0.2808580994606018,"y":0.33690813183784487,"z":-0.10600706189870835,"w":0.8927194476127625},"size":1.3267178535461426,"orthographic":false}