{"cameraMode":{"drawMode":0,"name":"Shaded","section":"Shading Mode"},"sceneLighting":false,"audioPlay":false,"sceneViewState":{"m_AlwaysRefresh":false,"showFog":true,"showSkybox":false,"showFlares":true,"showImageEffects":true,"showParticleSystems":true,"showVisualEffectGraphs":true,"m_FxEnabled":true},"in2DMode":false,"pivot":{"x":0.009197115898132325,"y":0.8046102523803711,"z":0.0017883852124214173},"rotation":{"x":-0.07859457284212113,"y":0.25742751359939577,"z":0.01863882690668106,"w":0.9633187055587769},"size":1.524449110031128,"orthographic":false}