{"cameraMode":{"drawMode":0,"name":"Shaded","section":"Shading Mode"},"sceneLighting":false,"audioPlay":false,"sceneViewState":{"m_AlwaysRefresh":false,"showFog":true,"showSkybox":false,"showFlares":true,"showImageEffects":true,"showParticleSystems":true,"showVisualEffectGraphs":true,"m_FxEnabled":true},"in2DMode":false,"pivot":{"x":-2.5036699771881105,"y":1.6324197053909302,"z":-0.019184112548828126},"rotation":{"x":-0.007866513915359974,"y":0.9931483864784241,"z":-0.10876680910587311,"w":-0.05059051513671875},"size":3.153891086578369,"orthographic":false}