{"cameraMode":{"drawMode":0,"name":"Shaded","section":"Shading Mode"},"sceneLighting":false,"audioPlay":false,"sceneViewState":{"m_AlwaysRefresh":false,"showFog":true,"showSkybox":false,"showFlares":true,"showImageEffects":true,"showParticleSystems":true,"showVisualEffectGraphs":true,"m_FxEnabled":true},"in2DMode":false,"pivot":{"x":-15.204814910888672,"y":3.8086886405944826,"z":1.7651786804199219},"rotation":{"x":-0.0024441832210868599,"y":0.9762892127037048,"z":0.00027325921109877527,"w":0.2181636542081833},"size":27.23940658569336,"orthographic":false}