{"cameraMode":{"drawMode":0,"name":"Shaded","section":"Shading Mode"},"sceneLighting":false,"audioPlay":false,"sceneViewState":{"m_AlwaysRefresh":false,"showFog":true,"showSkybox":false,"showFlares":true,"showImageEffects":true,"showParticleSystems":true,"showVisualEffectGraphs":true,"m_FxEnabled":true},"in2DMode":false,"pivot":{"x":0.000039577484130859375,"y":0.6296386122703552,"z":0.00003826618194580078},"rotation":{"x":0.19385147094726563,"y":0.16291077435016633,"z":-0.0326366201043129,"w":0.9671605229377747},"size":1.0280014276504517,"orthographic":false}