{"cameraMode":{"drawMode":0,"name":"Shaded","section":"Shading Mode"},"sceneLighting":false,"audioPlay":false,"sceneViewState":{"m_AlwaysRefresh":false,"showFog":true,"showSkybox":false,"showFlares":true,"showImageEffects":true,"showParticleSystems":true,"showVisualEffectGraphs":true,"m_FxEnabled":true},"in2DMode":false,"pivot":{"x":-1.8493932485580445,"y":10.794463157653809,"z":1.9066276550292969},"rotation":{"x":-0.06904926151037216,"y":0.0547272153198719,"z":0.0038320336025208236,"w":0.996401309967041},"size":12.069436073303223,"orthographic":false}