{"cameraMode":{"drawMode":0,"name":"Shaded","section":"Shading Mode"},"sceneLighting":false,"audioPlay":false,"sceneViewState":{"m_AlwaysRefresh":false,"showFog":true,"showSkybox":false,"showFlares":true,"showImageEffects":true,"showParticleSystems":true,"showVisualEffectGraphs":true,"m_FxEnabled":true},"in2DMode":false,"pivot":{"x":0.0000057220458984375,"y":2.5129833221435549,"z":0.0000019073486328125},"rotation":{"x":-0.001050533028319478,"y":0.9909562468528748,"z":-0.009435249492526055,"w":0.13648952543735505},"size":2.5808424949645998,"orthographic":false}