{"cameraMode":{"drawMode":0,"name":"Shaded","section":"Shading Mode"},"sceneLighting":false,"audioPlay":false,"sceneViewState":{"m_AlwaysRefresh":false,"showFog":true,"showSkybox":false,"showFlares":true,"showImageEffects":true,"showParticleSystems":true,"showVisualEffectGraphs":true,"m_FxEnabled":true},"in2DMode":false,"pivot":{"x":-0.09721851348876953,"y":-0.004778742790222168,"z":-0.23843151330947877},"rotation":{"x":0.19906383752822877,"y":0.7892631888389587,"z":-0.327068567276001,"w":0.4806021749973297},"size":0.8425031304359436,"orthographic":false}