{"cameraMode":{"drawMode":0,"name":"Shaded","section":"Shading Mode"},"sceneLighting":false,"audioPlay":false,"sceneViewState":{"m_AlwaysRefresh":false,"showFog":true,"showSkybox":false,"showFlares":true,"showImageEffects":true,"showParticleSystems":true,"showVisualEffectGraphs":true,"m_FxEnabled":true},"in2DMode":false,"pivot":{"x":2.4904332160949709,"y":0.3265460431575775,"z":-2.1592819690704347},"rotation":{"x":0.23203326761722566,"y":0.7334659695625305,"z":-0.30223849415779116,"w":0.5633412599563599},"size":3.8293917179107668,"orthographic":false}