{"cameraMode":{"drawMode":0,"name":"Shaded","section":"Shading Mode"},"sceneLighting":false,"audioPlay":false,"sceneViewState":{"m_AlwaysRefresh":false,"showFog":true,"showSkybox":false,"showFlares":true,"showImageEffects":true,"showParticleSystems":true,"showVisualEffectGraphs":true,"m_FxEnabled":true},"in2DMode":false,"pivot":{"x":0.7485310435295105,"y":1.1922141313552857,"z":-0.06141919270157814},"rotation":{"x":-0.07859457284212113,"y":0.25742751359939577,"z":0.01863882690668106,"w":0.9633187055587769},"size":1.2851065397262574,"orthographic":false}