{"cameraMode":{"drawMode":0,"name":"Shaded","section":"Shading Mode"},"sceneLighting":false,"audioPlay":false,"sceneViewState":{"m_AlwaysRefresh":false,"showFog":true,"showSkybox":false,"showFlares":true,"showImageEffects":true,"showParticleSystems":true,"showVisualEffectGraphs":true,"m_FxEnabled":true},"in2DMode":false,"pivot":{"x":-0.02171783149242401,"y":-0.053327180445194247,"z":-0.012530215084552765},"rotation":{"x":-0.01295344065874815,"y":0.9536436200141907,"z":0.033459242433309558,"w":0.2999878227710724},"size":0.14396198093891145,"orthographic":false}