{"cameraMode":{"drawMode":0,"name":"Shaded","section":"Shading Mode"},"sceneLighting":false,"audioPlay":false,"sceneViewState":{"m_AlwaysRefresh":false,"showFog":true,"showSkybox":false,"showFlares":true,"showImageEffects":true,"showParticleSystems":true,"showVisualEffectGraphs":true,"m_FxEnabled":true},"in2DMode":false,"pivot":{"x":-18.479108810424806,"y":8.149316787719727,"z":2.4329748153686525},"rotation":{"x":0.035230476409196857,"y":0.8627831935882568,"z":-0.06530124694108963,"w":0.5009219646453857},"size":4.4131011962890629,"orthographic":false}