{"cameraMode":{"drawMode":0,"name":"Shaded","section":"Shading Mode"},"sceneLighting":false,"audioPlay":false,"sceneViewState":{"m_AlwaysRefresh":false,"showFog":true,"showSkybox":false,"showFlares":true,"showImageEffects":true,"showParticleSystems":true,"showVisualEffectGraphs":true,"m_FxEnabled":true},"in2DMode":false,"pivot":{"x":-0.0031181275844573976,"y":0.10032534599304199,"z":0.056085169315338138},"rotation":{"x":0.025393284857273103,"y":0.9401612281799316,"z":-0.079198457300663,"w":0.33156633377075198},"size":0.4432813823223114,"orthographic":false}