{"cameraMode":{"drawMode":0,"name":"Shaded","section":"Shading Mode"},"sceneLighting":false,"audioPlay":false,"sceneViewState":{"m_AlwaysRefresh":false,"showFog":true,"showSkybox":false,"showFlares":true,"showImageEffects":true,"showParticleSystems":true,"showVisualEffectGraphs":true,"m_FxEnabled":true},"in2DMode":false,"pivot":{"x":0.0007209181785583496,"y":-0.027720004320144655,"z":0.28455647826194765},"rotation":{"x":0.16354680061340333,"y":0.5558879971504211,"z":-0.11256130784749985,"w":0.8075475692749023},"size":0.4650518298149109,"orthographic":false}