{"cameraMode":{"drawMode":0,"name":"Shaded","section":"Shading Mode"},"sceneLighting":false,"audioPlay":false,"sceneViewState":{"m_AlwaysRefresh":false,"showFog":true,"showSkybox":false,"showFlares":true,"showImageEffects":true,"showParticleSystems":true,"showVisualEffectGraphs":true,"m_FxEnabled":true},"in2DMode":false,"pivot":{"x":-0.003605816513299942,"y":0.322063148021698,"z":0.0005802512168884277},"rotation":{"x":0.006231510546058416,"y":0.7554022669792175,"z":-0.010752495378255844,"w":0.6557281613349915},"size":0.5785230398178101,"orthographic":false}